job,scene,verdict,cause,notes
"df979bbe-acab-4395-b101-2851891567cf","ad","","",""
"df979bbe-acab-4395-b101-2851891567cf","1","","",""
"df979bbe-acab-4395-b101-2851891567cf","2","","",""
"df979bbe-acab-4395-b101-2851891567cf","3","","",""
"df979bbe-acab-4395-b101-2851891567cf","4","","",""
"df979bbe-acab-4395-b101-2851891567cf","5","","",""
"40cef6b5-c0b9-43e1-8579-084c80960dd6","ad","","",""
"40cef6b5-c0b9-43e1-8579-084c80960dd6","1","","",""
"40cef6b5-c0b9-43e1-8579-084c80960dd6","2","fail","","lip sync is not good. "
"40cef6b5-c0b9-43e1-8579-084c80960dd6","3","","",""
"40cef6b5-c0b9-43e1-8579-084c80960dd6","4","","",""
"40cef6b5-c0b9-43e1-8579-084c80960dd6","5","pass","",""
"40cef6b5-c0b9-43e1-8579-084c80960dd6","6","","",""
"a5041635-5012-47a4-88f8-55138546a774","ad","","",""
"a5041635-5012-47a4-88f8-55138546a774","1","","",""
"a5041635-5012-47a4-88f8-55138546a774","2","fail","","the powder in the spoon fills up automatically after it has emptied. "
"a5041635-5012-47a4-88f8-55138546a774","3","","",""
"a5041635-5012-47a4-88f8-55138546a774","4","","",""
"a5041635-5012-47a4-88f8-55138546a774","5","","",""
"6149a9d2-abab-460f-9970-7519f8abaf07","ad","","",""
"6149a9d2-abab-460f-9970-7519f8abaf07","1","fail","","the shirt is being too small"
"6149a9d2-abab-460f-9970-7519f8abaf07","2","fail","","why is the shirt getting closer and closer for no reason. this doesn't make sense"
"6149a9d2-abab-460f-9970-7519f8abaf07","3","fail","","the shirt is being too small"
"6149a9d2-abab-460f-9970-7519f8abaf07","4","fail","","lip sync"
"6149a9d2-abab-460f-9970-7519f8abaf07","5","fail","","the shirt is being too small"
"e48a3ea3-a664-4403-a56b-45da5a49c924","ad","","",""
"e48a3ea3-a664-4403-a56b-45da5a49c924","1","","",""
"e48a3ea3-a664-4403-a56b-45da5a49c924","2","","",""
"e48a3ea3-a664-4403-a56b-45da5a49c924","3","fail","","the woman was wearing it and then she took it off without actually took it off. and the purse was took off automatically. not realistic and doesn't follow reality"
"e48a3ea3-a664-4403-a56b-45da5a49c924","4","","",""
"e48a3ea3-a664-4403-a56b-45da5a49c924","5","","",""
"1b44321a-a4cc-4fa6-9b15-c4b0a3fbe1a0","ad","","",""
"1b44321a-a4cc-4fa6-9b15-c4b0a3fbe1a0","1","","",""
"1b44321a-a4cc-4fa6-9b15-c4b0a3fbe1a0","2","","",""
"1b44321a-a4cc-4fa6-9b15-c4b0a3fbe1a0","3","","",""
"1b44321a-a4cc-4fa6-9b15-c4b0a3fbe1a0","4","","",""
"1b44321a-a4cc-4fa6-9b15-c4b0a3fbe1a0","5","","","it says press the power button for twice but the finger actually pressed for three times. "
"1b44321a-a4cc-4fa6-9b15-c4b0a3fbe1a0","6","","",""
"139d319a-c335-439b-a33b-fc3756207cbf","ad","","",""
"139d319a-c335-439b-a33b-fc3756207cbf","1","","",""
"139d319a-c335-439b-a33b-fc3756207cbf","2","","",""
"139d319a-c335-439b-a33b-fc3756207cbf","3","","","the background is like ahhh. not good. i can't say that in english. "
"139d319a-c335-439b-a33b-fc3756207cbf","4","","",""
"139d319a-c335-439b-a33b-fc3756207cbf","5","","",""
"139d319a-c335-439b-a33b-fc3756207cbf","6","","",""
"84bdd4c9-1de9-4e21-ab9c-790f56135ff2","ad","","",""
"84bdd4c9-1de9-4e21-ab9c-790f56135ff2","1","","",""
"84bdd4c9-1de9-4e21-ab9c-790f56135ff2","2","","",""
"84bdd4c9-1de9-4e21-ab9c-790f56135ff2","3","","",""
"84bdd4c9-1de9-4e21-ab9c-790f56135ff2","4","","",""
"2dfa5ac5-88a3-4efe-a76f-ece5f073afbb","ad","","",""
"2dfa5ac5-88a3-4efe-a76f-ece5f073afbb","1","","",""
"2dfa5ac5-88a3-4efe-a76f-ece5f073afbb","2","","",""
"f783b949-6537-4995-9c92-4e8d83dad904","ad","","",""